income_regularity,avg_monthly_income,income_growth_trend,avg_monthly_spend,discretionary_spending_ratio,savings_rate,rent_ratio,emi_ratio,commitment_fulfillment_rate,missed_commitments_count,spending_volatility,net_cashflow_stability,target
0.5169108884577843,22244.498930737653,-0.16537184395103166,22598.613820428265,0.40866288077972096,-0.015919211792237542,0.19369714336339416,0.17965498089183504,0.7410722256151618,3,0.5078693723944592,0.8342785768473433,0
0.5902126595934594,18141.598306642605,0.005629157634427902,18575.517842652393,0.659367247090647,-0.023918484395661285,0.22496056865823538,0.03617586483547048,0.5169243117980274,2,0.7278216650996302,0.6407703953218152,0
0.7291403316213079,44712.184637135375,0.057617953915264405,39497.107973652855,0.4824896751160805,0.11663658812034831,0.1728621058029445,0.26624366544338507,0.846672736740557,0,0.286538456693677,1.2248472326366406,1
0.94711571509585,71589.35783913224,0.04700075954207458,43309.13402194151,0.3578777173742156,0.39503390826243967,0.24091742987396808,0.27124214169968264,0.9877437773388562,0,0.24431644406087608,1.5549577454109789,2
0.9746269424362572,73395.9607096209,0.035636087324247535,49763.947739980904,0.24348161944779176,0.32197974849237515,0.2065399517984672,0.18115756873136257,0.9579453740990367,0,0.15780573083226537,1.6691680349052196,2
0.9903588322568198,75640.94497304906,0.07154832997704347,47308.60755027533,0.240188571588535,0.37456350436749003,0.18766972592935105,0.16670735834359163,0.9916790159430982,0,0.1318189664271153,1.7511968848310986,2
0.86808495241325,76076.62985238229,0.06235378776526681,50483.404122281325,0.3651175455860235,0.3364137683249323,0.20563038614691637,0.18807836478824694,0.972768385223274,1,0.20850474959381302,1.5232487404416473,2
0.8604755429664355,71137.10633968857,0.04365841330481842,48464.72451869456,0.29949430757140927,0.3187138609874088,0.18054887554003496,0.08010970131644854,0.9899405259932751,0,0.04765710207708312,1.7662420894117732,2
0.9720607840943255,64688.351592125924,0.07199349618788434,32724.961143754103,0.23885191065632078,0.49411354071762287,0.2002888056785668,0.0610359151587683,0.9886901665623741,0,0.0,2.02872332348323,2
0.8259354873273319,46360.25435028028,0.00044543854650999984,37436.42714255738,0.6341404120464823,0.19248874564617102,0.15737490488458414,0.16200419587778436,0.8426591497869257,0,0.4118169414895207,1.1818774715607439,1
0.8916298711315791,70579.38371276642,0.06204456869897755,37088.89909374673,0.38413575647412423,0.47450803417771864,0.17013144509316352,0.17355034549534354,0.9725665606629742,0,0.08481678628150147,1.7184435707199768,2
0.6971275821400278,36337.685177127845,0.020882981012599784,32137.69393350855,0.4033926060040302,0.11558224535070029,0.2112655895228373,0.2759643067586359,0.9048398940267894,1,0.33385741900816485,1.2010035355638047,1
0.6277564870529222,55100.41080204677,0.01465342962296432,47463.4561072508,0.6509911816644769,0.13860068525137537,0.21565772554235962,0.09965198633654569,0.9093003322643946,0,0.4449413768996868,1.0637502973409731,1
0.7289564496231123,58866.327526929104,0.004126619981764827,54704.34920516807,0.6411309857623344,0.07070219082134994,0.2497319527161746,0.018391146520339206,0.8065283132934965,0,0.29911985090953214,1.181942344920366,1
0.7081815689833599,38258.29567026008,-0.028370728927761203,36197.71081135345,0.47367501048215993,0.053859818447386215,0.15001251387565753,0.26980033701994055,0.8200986336135895,2,0.20320816799759495,1.2701710670235447,1
0.8622572135554457,68867.5588998541,0.04797480623086978,38970.28522296327,0.14802284874800814,0.43412710069144295,0.24073364316469362,0.05413701503450425,0.9516095074924984,0,0.046169582312848526,1.7338171093044854,2
0.8560651143272736,69193.6524970101,0.04526958969188528,43156.93189975781,0.2804660948930554,0.3762877035343286,0.186421704474828,0.051472483128940795,0.9673090462704851,0,0.05222406157903813,1.7328763209059113,2
0.4780355217511681,16476.819020201838,-0.03896047649632791,18060.58639331825,0.49490478632890966,-0.09612094246921044,0.19059143431274211,0.2762586275838765,0.5643031954258952,2,0.8092823934359373,0.5761061517862884,0
0.3241682398214936,19160.822838097847,0.048714545678668814,18843.32593507071,0.6838617654144517,0.016570107959865507,0.1582734063434522,0.17930505076012684,0.618660318818889,0,0.6118346931120991,0.584941224226901,0
0.9816501644400274,70517.7257041345,0.06923677664854795,38976.06636042905,0.3117300307922919,0.4472869626573357,0.21999660121046172,0.2562781311279317,0.9993162354322898,0,0.059630673863192395,1.8694875948146412,2
0.8631070093779236,64658.359144397145,0.062225822944764884,49623.61252454238,0.37087292147029594,0.23252595362463002,0.24098509748640853,0.2694956379983958,0.9820308562112778,1,0.0976995585643694,1.680913371234632,2
0.8049723458847955,41876.56015949227,0.010107705233903965,37822.45047279727,0.6096577691589682,0.09681095274431337,0.17905941604996073,0.15002137520213998,0.919004001835502,1,0.3601082738107764,1.2675287555526948,1
0.5448758134591246,23929.23206578075,-0.058377325061507654,25759.421046571926,0.6173209000953672,-0.07648339803634485,0.1541973568276237,0.1455716907090943,0.7931754185717836,3,0.6121472251162609,0.8299807928115337,0
0.9694532840189773,63389.13521679996,0.03163947115480857,41449.31308673803,0.15654513255028532,0.346113289840989,0.17556422298996036,0.1599532781280885,0.9960637358224447,0,0.11276771710560018,1.7663318135737194,2
0.3840660460832111,26209.205775791077,0.0056608673785813884,26699.456357837655,0.4176616525269253,-0.018705281886084835,0.21462495018603803,0.11511116986911289,0.7123375782128532,2,0.4531633673086283,0.7544944009472858,0
0.6365259998939164,45586.124291936765,-0.012307389321884219,39073.39127295159,0.5213449435593326,0.1428665656522406,0.153324032498661,0.06498842627480414,0.9088467782421,0,0.3043814192831761,1.1847552834548023,1
0.8612302944134012,71343.89320991746,0.04186073105197728,48775.419361536435,0.25285883398924835,0.3163336458521694,0.17368916932613304,0.2766468278532457,0.9921517582319245,0,0.15528374939486378,1.6042656651373526,2
0.858130121326305,74833.524906983,0.04689187181388313,49965.41240334715,0.2161312475106619,0.3323124566769581,0.15187261526598633,0.28288499841600245,0.9620160477646302,0,0.1753147957443578,1.5486456698081377,2
0.6823475229543172,42854.98650654313,0.05122674931734322,38114.17191348157,0.5495980062455963,0.110624573229949,0.24182086009087742,0.16761542643237778,0.9361706917171091,0,0.5589646348335545,1.0382007253450172,1
0.6637790911599395,39562.82444188424,0.023369962051616146,34186.6861482675,0.5111587998339134,0.1358886371096687,0.24653829763588242,0.04803586417081591,0.8063919932556246,1,0.28434953513991446,1.1446814470605984,1
0.7353312797727766,52089.129280101384,0.023295292794014322,46976.725994924906,0.42719754809775135,0.09814722103887177,0.17972585469036878,0.19503317991843036,0.8791229568193004,2,0.2137333642111468,1.330155604350033,1
0.3410192477746825,17916.1836138917,-0.03449109544341984,18807.69769514428,0.4027658782632708,-0.04976026705605584,0.169674052243236,0.03285524758270775,0.7540133366997558,8,0.6335695672155566,0.6703311609440286,0
0.679748443543268,44567.13269094644,0.003736526399513534,36817.71936566197,0.508633654294262,0.17388180161876826,0.23646163648220234,0.0954981911567378,0.8977294528047511,1,0.34730079549674053,1.17084314179924,1
0.6235349401674222,48651.25235513986,0.05811741815765982,41419.8623895272,0.5098448911631712,0.14863728302049933,0.23428013835290798,0.293461561139975,0.8282025730330367,0,0.2009395662924172,1.2088347773254853,1
0.6514113058623489,49270.7372559898,0.06909931174422167,42542.31023265983,0.6256665765293128,0.13656030735590427,0.23106487975560808,0.03334995035278119,0.8008019493505909,0,0.23415313480645622,1.1766880577916938,1
0.8561493642757051,75658.39268500608,0.052726231743242216,42518.06030240803,0.2833463470678902,0.4380258581565899,0.20162173399765593,0.2641374700103112,0.9773031248315228,0,0.025482509626960123,1.7878925012325984,2
0.6588791546462722,51336.856727160775,0.05708710118326306,46737.12376683587,0.6944046151261468,0.08959903768107641,0.24268033664397853,0.2915963046374284,0.8191942192402739,0,0.265860562575293,1.167643117721847,1
0.3426896990276078,18407.982129729535,-0.042033458663644385,20213.83250272048,0.5057934419602906,-0.09810148446822063,0.18388104202306774,0.27692833376510756,0.6173895007949206,2,0.7454558751874318,0.5500449558597019,0
0.6121895246975497,49204.992077702314,-0.028171515343618527,43459.747267706545,0.5934686230904833,0.1167614212989433,0.1634406126887789,0.2861927142241628,0.8396899181224575,1,0.13103931796617257,1.2836684098929179,1
0.7482537398180714,31674.708490686236,0.014458222640615496,28464.717294385864,0.5139181634780037,0.10134240689994835,0.19628422570343282,0.21547328098429505,0.8319014644242315,2,0.49839537876147844,1.0545649210079682,1
0.7799133584222588,44310.70962829677,-0.03906046414250161,38907.537569098095,0.47056321726362493,0.1219382877079498,0.22701871511048247,0.0058810704138846145,0.8784729348970903,2,0.37508321093468155,1.2060261372779753,1
0.9574242826910081,71453.64374481869,0.07116211235992073,45863.5625193778,0.2143322910835351,0.35813542717052127,0.1758761472633557,0.15562093073669828,0.9718627250341546,0,0.07481097755276048,1.7950012123228964,2
0.9433472878580262,71774.20077785148,0.0505452901526895,48373.59282523116,0.2351941092753444,0.32603090942172397,0.2197725519016933,0.06592567313777666,0.9938355341329878,0,0.07300290426403291,1.805384509485291,2
0.5928772319152262,21760.257554759137,0.026493854792341943,23874.376297740535,0.6222743383711542,-0.09715504229034383,0.2417582784029841,0.2592824281022125,0.7654672164292413,3,0.20667221345732895,1.1256946444905456,0
0.8486528785229025,44482.07889066388,0.043772406058548305,41039.534657048534,0.6524785680401146,0.07739171188642184,0.2460874356021272,0.12165505314791841,0.845714270184005,1,0.4355614377373964,1.1802818772963262,1
0.8837218722548269,72678.51577287127,0.06039005628386852,56103.89535620782,0.3145745278017319,0.22805391992952975,0.2337719243135377,0.13574995524599426,0.9776629593580964,0,0.11301018946882072,1.6723879522623788,2
0.7869643047297401,26703.78097591572,-0.013565395543941216,24159.779970179647,0.4848975512995749,0.09526744576097745,0.21522228244432282,0.194375714148041,0.8319570120158238,0,0.2495021764992701,1.2956530586295538,1
0.6183884516228728,44462.602057999124,-0.000983791676171561,40114.923416420344,0.43828275482934753,0.09778282062546544,0.2459040216447247,0.11296809946872532,0.862698203628331,1,0.1295156419664096,1.3112582068121987,1
0.929063287736446,67813.31696307393,0.03981286127753237,39321.784703770936,0.21188527619224062,0.42014656612088974,0.1874861599651768,0.22706906313266456,0.9523723737430024,0,0.13266343018543078,1.6610721343510086,2
0.6737675566874672,37317.14343563205,-0.0035889221612457473,33283.096427427154,0.5320448894037876,0.10810170974536625,0.22089046080428326,0.017428996197056977,0.8078307064392648,1,0.24703959511977072,1.1880923981282512,1
0.8589770784590333,70126.22814540817,0.0637648190165068,48304.31895118314,0.31143301873448526,0.3111804209542948,0.1874929051359329,0.03963469331370301,0.9597481982061854,0,0.10643818681742165,1.6437658229210548,2
0.659308057460895,36228.06959617025,0.048252465660931124,32934.81648821562,0.6147599824192775,0.09090335600720956,0.21457278158005122,0.27493553154535916,0.8312467216463262,0,0.31501908371551923,1.133485283647546,1
0.8587588570636445,72641.30380332218,0.013237848698823204,54463.18612356233,0.1448509946740685,0.2502449257928722,0.2009193247457928,0.2784157572206381,0.9707203427835266,0,0.040951819107649,1.7575061268594385,2
0.9087954193524875,65006.37035628161,0.015526292428819768,45681.44557971754,0.19314346993518347,0.29727740020938864,0.1624308349905463,0.27999031447055833,0.9861907761953939,0,0.05907711633429792,1.7892806541858357,2
0.7595348497422049,46840.01307768178,0.018505450072819927,44308.488691775565,0.6160333356624599,0.054046192978379606,0.19855660038352635,0.05611354910097845,0.899355064278002,1,0.34454791746875263,1.2337901033257594,1
0.5096219721989848,17612.000243131744,-0.01626543578838584,17665.04419615696,0.5860342036505876,-0.0030118074206761103,0.19037407965014866,0.08660004830044986,0.6904961269587322,2,0.6096384354519658,0.7455824070333777,0
0.9713976063438337,64899.25309521632,0.039183986165888654,50589.88967395803,0.3462841472364905,0.22048579511792604,0.16629800962492214,0.23407001014554027,0.9640145930566395,0,0.043718644397158404,1.854342844012668,2
0.9512575934719545,72621.01286523588,0.05086368352433546,48414.20105162698,0.12393277759282698,0.3333306829323617,0.17072706660184525,0.043578334312449236,0.9564197657748832,1,0.002292487983557953,1.903314034693366,2
0.8076948831967297,40405.65803090939,0.019093618196471502,33158.21661059486,0.5234454628409626,0.17936699396828037,0.18455075470124818,0.06666012392282546,0.8791957264712549,2,0.2916089101215997,1.3060382260054018,1
0.7926331367595364,32049.675109299635,0.028335284284155434,28903.441187338198,0.5304409613455068,0.09816742014487745,0.23275022408016585,0.151169461320854,0.8001864317973019,0,0.4395361071783296,1.106481150847243,1
0.41534807442219596,31722.09693881898,-0.012041736983930587,34126.99820947276,0.5680766365003471,-0.07581154787125226,0.2255339978355474,0.14902864484343112,0.7462064024643857,6,0.4298552018906808,0.8123581152487831,0
0.7483875223760843,42348.52907115651,-0.0001710659406820511,35004.1364980957,0.4709828027772918,0.1734273358283666,0.1894650626998665,0.09437011989790108,0.9275735282873845,3,0.23813523694060396,1.3536171176298315,1
0.8982477607454368,72747.46951886316,0.04216067160645288,54504.01499174719,0.358674210767452,0.25077785726121377,0.23204285589594384,0.12493731569853395,0.9646935523554772,0,0.0988947353446307,1.695286412048071,2
0.5191279443491569,18887.38959870969,0.009267962003336919,18861.02792492582,0.4893593461675265,0.0013957288086900027,0.15745529748520523,0.05295132272687546,0.6946388494209218,4,0.5787601256451633,0.7688101403460963,0
0.6232155835783126,45255.23538147466,-0.013574855029193426,41340.12057611636,0.6403263550047725,0.08651186481202047,0.24145736799875936,0.10623133399134764,0.8689298409538989,0,0.4286655140547847,1.044433010983278,1
0.7764607654659583,43599.271110649825,0.08074173262448026,41278.9915045533,0.6321402394866364,0.0532183118430565,0.2466481659036744,0.26659230946458146,0.8226157260216652,2,0.21705322654197123,1.313891994708481,1
0.7986335506415312,37903.739624109476,0.03542179042618759,32058.46644058883,0.4078097949470817,0.15421362750715595,0.1827176942528544,0.12619189726959534,0.8861233318148551,1,0.34868276281111016,1.249186931806546,1
0.9228724429260131,58621.51584536073,0.0500164267355892,29484.896901062893,0.1501353389774202,0.4970294357648155,0.20558746918267146,0.06786172974109397,0.9930932008141453,0,0.11625383715926346,1.716424687610543,2
0.4908938520228756,20145.918790277065,-0.07246073845035823,19327.671624211565,0.42778743990334517,0.040616026232588864,0.19994487193256427,0.21250412384947728,0.7358595730505085,1,0.4120768837441947,0.8687582377388575,0
0.7877952903747896,38609.49189686624,0.048489780758373166,35010.09247921011,0.6649907991201138,0.09322576498211507,0.19548417208732158,0.22399955183004555,0.8156450484481003,0,0.2521633283412062,1.2805360950372466,1
0.6365025917776685,28664.46819792479,0.01905335000148011,23383.184493201206,0.5657231340146578,0.1842449567965797,0.24879941114063267,0.23801041039726317,0.8228892107322638,0,0.29596684564021736,1.1261027297260695,1
0.6951089507229955,55172.66337989046,0.011164120897533998,45605.222406193054,0.606575286672255,0.17340908318710208,0.23504255619876321,0.12277868480993034,0.91046776781297,2,0.41665772055734007,1.1333554289347332,1
0.9969835483706809,68196.43140235243,0.046366342779836006,50136.54879330782,0.2412372334126647,0.26482151980201185,0.16872338396153294,0.15637987156873315,0.970834964102172,0,0.13217787135115774,1.7380824711972418,2
0.5572212508390773,24695.444718155653,0.059268168608935676,23789.20247017625,0.5184282957205641,0.03669673732634393,0.15391737070821906,0.27261135725903796,0.5218873669143691,2,0.4815771757329993,0.7283512701385706,0
0.9596120375271242,73898.67938852645,0.04815019896973875,53096.19803654929,0.2551670845348751,0.2815000420049044,0.17081848780085412,0.2330242098551672,0.974843192787237,0,0.09842603591453336,1.7611156027485837,2
0.8948293237789965,61969.39559565938,0.04426020165079838,41671.297641822835,0.10844949820502983,0.32755036189603104,0.19711343184714222,0.05496776007160631,0.9603757312625115,0,0.12826275281289937,1.6443023138149788,2
0.4755126144434227,19779.321119159213,0.011248153639679227,20546.189781594545,0.49414485837969047,-0.038771232734196796,0.2452035909678288,0.18828984664166037,0.6963259506619168,6,0.6079395290363171,0.7287827333952385,0
0.4142029455724405,16692.729450246145,-0.045010793179687855,17920.29377918548,0.6572619093498553,-0.07353886208952069,0.17159881934357551,0.24307183886978032,0.6631908907393117,5,0.7974474476838513,0.599402134232106,0
0.6707179144618516,29816.053342149826,0.046557098409499356,28170.998576784576,0.5424756961633421,0.05517345795191805,0.19037670904558107,0.2842046989063602,0.8164901855085269,2,0.21433873564499883,1.2247061353769997,1
0.6799872155878968,36177.54820639829,0.06896735776696597,30735.45527807148,0.6749611841806076,0.15042735614030184,0.18371650128568917,0.13333243025309877,0.9046044035542198,2,0.18742392600799357,1.3344784322052219,1
0.8248695676134021,37632.22796891041,-0.014179350162026514,33727.03454478353,0.6738215420293179,0.1037725809737634,0.24989337371045392,0.23220129064663197,0.8720769479287603,0,0.22219910876334464,1.3884370421928882,1
0.4452978907480519,27919.760833357366,-0.05442091609666057,28170.924362856204,0.6141371351474834,-0.008995905480635683,0.21752196475396318,0.0030714007727986156,0.6442496169723162,1,0.3364444324140772,0.8152583686193906,0
0.38560154855240136,28098.695411921566,0.01994157171367421,30111.581197171796,0.49932242160945295,-0.07163627192443293,0.2103020848287122,0.24745643232412168,0.5500959058827477,3,0.4178767604590866,0.6599286204057571,0
0.8641336427746737,65029.58502750714,0.050976622496168196,49630.90528906804,0.27668253522308706,0.2367949869574833,0.22298866645227466,0.07777821847565815,0.9772827103807175,0,0.15920782396611635,1.5885127024549965,2
0.9762640612319937,65332.89366644867,0.08203801569539743,33584.850793129735,0.19783345385278633,0.48594270193213496,0.15874866896270148,0.296663735776504,0.9749519651797431,0,0.10763911835501178,1.7615990570191729,2
0.8843538868110066,63055.78315885266,0.05953168293966787,38087.3410156348,0.12022438814285435,0.39597386460677775,0.17085690283289284,0.25780847870732276,0.9605200845435241,0,0.1437607487581693,1.612989406532433,2
0.6304936085756487,47258.74356848814,-0.0018597742310134668,43790.43314703611,0.4421679690309006,0.07338981444620302,0.20348537675454645,0.11610372098358682,0.8816004985633281,1,0.2103224755492848,1.24933159359264,1
0.5203550322821308,21252.862445374358,-0.04242452154332157,21986.638794534494,0.6043273119189541,-0.03452600095851284,0.24475873997767073,0.16949708942463948,0.6218185625157212,1,0.43494589096075964,0.7959698006683138,0
0.6992867256299665,47186.37496964839,0.05742490170704821,42928.22765673975,0.6141016561028461,0.09024103495230557,0.17831832717810162,0.1798735980075144,0.940106568897124,1,0.41324231099888953,1.1600227942286525,1
0.9145290931901898,70139.99772597282,0.05844845644355273,49037.126855263814,0.1708863124118564,0.3008678579254447,0.16055491367129504,0.015052251619778733,0.9671044520600338,0,0.0469557872150208,1.7972426039646878,2
0.8534321911029525,64094.01862746811,0.037923636835584314,42984.69240186797,0.37459515779179076,0.3293493944933191,0.20875759776432723,0.008284912831478886,0.9713362889936696,0,0.12726877933893402,1.618751901535607,2
0.9944458938614075,67577.11728247469,0.0315941669867173,48298.67618411116,0.14133801239154176,0.2852806078983656,0.19994275969978428,0.2408295862608912,0.9864210649016889,0,0.006979424890175279,1.9671374705388212,2
0.8918174118809695,73944.39790562105,0.0292597060643328,53023.34759770785,0.11854457013391877,0.28292948351024233,0.18199108765616254,0.04271233967778491,0.9916940630130189,1,0.11718623569438727,1.6859422491213307,2
0.5847721913061419,24658.886327625638,0.023764071331758823,26260.430624830627,0.6708938947169046,-0.06494795733782852,0.16277431275090162,0.06130574415851848,0.5563041902962933,0,0.6925685158139541,0.674168502451254,0
0.42241419928036006,19035.423144543085,-0.0006776908240976875,18710.03767886626,0.6976189868617384,0.017093681774555308,0.1588446146939088,0.15577400329046592,0.6835554450595186,1,1.1130308117199383,0.5234044095361087,0
0.6739123154143436,58802.71296123442,0.04287531742291991,50769.03135252094,0.47969159991409516,0.13662093471792142,0.1510788496262492,0.046449395458034025,0.927831317796633,1,0.4270812229656913,1.1223913589741656,1
0.8464207256430419,35365.275443393475,-0.00152906775914987,31900.532798710145,0.5534465764365861,0.09797018689219829,0.17137409154893202,0.15579319241906167,0.8163235853019121,0,0.2642995510548985,1.3151505982562468,1
0.635191054674805,55518.14610589352,0.03706893154509002,52225.92055531712,0.5765625957296222,0.05929999075071621,0.21306998066776933,0.04766480112975641,0.8598123963876588,0,0.16104464208829394,1.2876364929202897,1
0.671427311215582,28694.577265073593,0.006219946278423004,26357.351817416013,0.6924690066266925,0.08145181669926183,0.16165440778153187,0.23192124377051082,0.8810755407496763,1,0.09978572751675668,1.4116412071201425,1
0.9052345283741248,62524.301707580584,0.06207786024723222,31390.506275758315,0.14631204737222164,0.49794711146766063,0.1667779706104423,0.2967755185438664,0.9992774497444813,0,0.04308689325209506,1.8258421138633942,2
0.7131824984052332,57674.62683571252,-0.032532057566868305,53702.564108193685,0.5365035357669763,0.06887019380001103,0.16664995511013628,0.09801860717625185,0.8322185058108882,0,0.3082524141329125,1.181271280313583,1
0.8605474889076631,69251.6231299337,0.07044791006950359,39676.32962623492,0.35336392578241227,0.42707004062862164,0.17862701847395882,0.07266529309907772,0.9674775894101673,0,0.10968141254591317,1.647342253056073,2
0.504432079639169,14568.000566991905,-0.05921285929853022,15598.352139140981,0.5339671471102228,-0.07072704091484187,0.17171150508170857,0.10601524671065318,0.6919519296829317,2,0.6464620089724641,0.7266393046437486,0
0.7230255264097324,34289.16671765589,0.04741669224577859,28342.41958815914,0.5656130370617254,0.17342932764926894,0.1740925592471578,0.07611114225364364,0.8483832396419219,1,0.3297352542827553,1.1817455850632879,1
0.6957156991737357,47651.97180673229,0.03539190029040708,44232.855859535535,0.4700770774763092,0.07175182510944281,0.23326425783351343,0.2672112082157764,0.8506483569786385,0,0.39207504681638694,1.1108338301795146,1
0.7025053808280161,52654.10962369184,-0.02953391420893264,47030.324981121485,0.5819502589030395,0.10680618631218712,0.22369084948458418,0.2921717020311011,0.9124650988776256,1,0.47010124105367246,1.0985437156342623,1
0.6950272367006034,40898.89228595084,0.02442701883664683,38458.419322696755,0.5026101519611373,0.059670881699952674,0.1633936698872724,0.2506530463746178,0.9481956831832028,0,0.3532132007835994,1.2143119199046184,1
0.5641028224287948,13165.304207089453,-0.01700285553014158,14230.800643113498,0.5269430564039433,-0.08093215464404371,0.2419764633813448,0.19253588931144147,0.676449233024062,3,0.6011442562198245,0.7747909350664646,0
0.909804173717454,68697.55733593323,0.059480839131233164,49525.666008892986,0.16106041537612825,0.2790767542620051,0.2333374774254387,0.061259718777832824,0.995264247130382,0,0.10823192657248693,1.719016006640222,2
0.6620633828803124,36578.87837453131,-0.07886683539901924,29519.26917930532,0.41856406337385976,0.19299687439682045,0.19544348665747846,0.08626786952720968,0.8903047394211963,2,0.26145191401698253,1.2306201330799276,1
0.8911847015836469,75783.80991232157,0.029192396983121788,55571.17090976903,0.394316451523093,0.26671447405372783,0.249119801031919,0.10678191300519076,0.9666264179877285,2,0.032270016946367885,1.7997336831182018,2
0.711296886434936,40888.69134157559,-0.014977600088708822,37538.29804263011,0.47349406478015266,0.08193936242559088,0.15046555815667823,0.26421264965983554,0.903407100250475,0,0.34694588288650424,1.1987890584179237,1
0.6739976238189485,34500.1869887718,0.020600039664527732,32328.187802646877,0.42988653428489787,0.06295615692841917,0.19383038804020908,0.16899937615223862,0.8130481108521633,0,0.3175997252127395,1.128602037641601,1
0.6735950897194851,34697.56822688573,0.04063307491390118,31327.67647831167,0.6501874373994869,0.09712184227259091,0.1611555078964201,0.292129035003815,0.9372997375352775,0,0.12669083848441448,1.429757633799244,1
0.7733387124747773,35266.820811873986,0.006149038532372482,32061.456202290094,0.5740275812468855,0.09088895839753935,0.23259696948354686,0.10905872246687316,0.8684056797221682,0,0.22034744248396526,1.34530899565393,1
0.4043704621643525,30771.13704052676,-0.04394481148391202,30379.03769260047,0.6668244369764103,0.012742439364846397,0.207332578935069,0.2896188356944235,0.5980398514398422,3,0.5046266394553061,0.6662186401053486,0
0.8654916527921626,62128.183213382144,0.05795248186744742,41125.587847825955,0.3010583826116525,0.3380526240952805,0.21415363642455537,0.28470886261344225,0.9709539265022692,0,0.16189471006211795,1.5805610985148995,2
0.9075531102457637,78824.36855226255,0.04612829846593,54143.98920168542,0.3618637939985,0.31310595700127186,0.15860181875636806,0.009128560699394894,0.9579439507097701,0,0.0967411616538874,1.7009456070221358,2
0.9409716771072831,63071.06671797405,0.04638800610477744,44192.73606915695,0.3695269728592794,0.29931839797846854,0.17177985609037463,0.1278236975592865,0.9708968853462957,0,0.060411111174099696,1.8029503296478433,2
0.9957888695006618,78800.21882567428,0.04718072929374999,46530.123775276414,0.2943661747519876,0.4095178354997637,0.2108592086605168,0.021156616136582228,0.9880420926202235,0,0.1032584170541601,1.7981561993589548,2
0.31948573022465754,13497.547980498906,-0.058192433136697946,12893.01069511333,0.5706849912290097,0.04478867467328179,0.19527666092780757,0.2756838226416327,0.5455416365119313,2,0.7989244838549991,0.4808580763117312,0
0.8927048942649256,66143.11386830195,0.027619072435023158,45130.396586096365,0.13081050740841133,0.31768563729920796,0.20232327489250426,0.2025032988258086,0.9870496625792486,0,0.1160492984635708,1.684293480074735,2
0.6283417665586208,42318.954348340514,0.011080303647362559,34377.10693199942,0.4272023951838847,0.18766643785593728,0.22978392347787074,0.1486613324232333,0.8338658394046201,0,0.2767397968275935,1.1452667251357658,1
0.6971298600946707,38880.9705551543,-0.0361134271892901,35963.11278065339,0.5548183516559085,0.0750459089070784,0.21692934249467888,0.23318963571397733,0.8411064337889894,0,0.3488661537260477,1.1403920912645815,1
0.7775394453168076,39909.662217872086,0.025907444072211336,36683.42069964293,0.5581283028938251,0.08083860746845414,0.18267941851077954,0.22684470358155112,0.8173849578864131,0,0.1603333264312974,1.3745398558089723,1
0.6785479076371045,40112.269871054814,-0.0215226697603727,34721.4585705488,0.6838600635930203,0.13439307518211657,0.1817596669634372,0.0190263973740992,0.9042954066022396,1,0.2300417303502683,1.28682082500454,1
0.8750927108940119,66001.01031139845,0.06149493858251011,35826.47102059412,0.2651841123233827,0.4571829908123869,0.16771205956991048,0.04446982567084252,0.9793316729561692,0,0.13182991887543336,1.6384302561048265,2
0.9360976630562668,74429.99987387417,0.06093009907216827,48413.48813397333,0.2639727732374364,0.34954335327135944,0.24817944714046233,0.2506217636649187,0.9801099039848774,0,0.0,1.9197989015717511,2
0.4239403563994048,14490.500135056434,-0.055331087797814926,14599.730640640497,0.4819499813234731,-0.007538076986025238,0.23204790816619095,0.18348271883849804,0.5351868371676416,3,0.8909328582770091,0.5072243519217225,0
0.9059097141923181,64484.70367934493,0.06737853124569013,39068.521769018116,0.3105753680395801,0.39414280379903277,0.1829975628427692,0.24919983444703236,0.9733124063921651,0,0.22258563124986455,1.5370883417493881,2
0.44620275925595365,17528.019659586174,0.0005557070656989176,18821.660607377886,0.5035088869035176,-0.07380417028938077,0.23549108903987687,0.28852088109199925,0.523313738601058,3,0.7504028092123488,0.5538819366345038,0
0.6603402137117678,43383.475454761625,0.012787245960489375,41007.31456268756,0.4229419397932163,0.054771105061691416,0.1659939309439564,0.2511008606162755,0.881437452489941,1,0.45006153871350185,1.0632498173626324,1
0.9125958878559293,71811.17519777492,0.048237101620711646,40280.06091052263,0.3406098193199105,0.4390836690864973,0.16006621649634456,0.19089324466177696,0.9765616530494797,0,0.16957720416740424,1.6152482573822544,2
0.7756467641379962,38415.78224322078,0.02296959461120753,33013.25622995895,0.6249260296976686,0.14063298201392777,0.18823411302911006,0.24854597441688925,0.8649884845533835,1,0.32866848198743426,1.2347965432560744,1
0.8621149277235367,69462.8012258152,0.07128551743688942,42550.67705766748,0.2282404436559633,0.3874321751099506,0.23401381643899494,0.15922858504650692,0.9934088026357144,0,0.0800223472001625,1.718041978640062,2
0.5294571147315124,20805.436844635908,0.024548526225347016,21168.645123958388,0.4303366162644712,-0.017457373379599198,0.23496926533102605,0.23958622026907367,0.6829930165205481,5,0.44918397705335816,0.8366433458071685,0
0.7259438584597677,42275.621261026645,0.024561254322958238,38203.01449151335,0.6289949164223562,0.09633464034431062,0.18025990403605271,0.29572982116882035,0.8608157342107315,0,0.22040022833806455,1.3001960797986256,1
0.9251225564640759,67267.39419645711,0.021144025977018772,34510.99678018477,0.29299004981083254,0.4869580248731798,0.21620886770924774,0.04628658445742906,0.9587116720442208,0,0.10097470116384283,1.7110604144826318,2
0.9249379979682838,61084.52267680655,0.031959144374009776,34381.83684116226,0.13774524037445113,0.43714323474255706,0.18775811274353538,0.16228087295942253,0.9721643241776114,0,0.07479225582231937,1.765087450034174,2
0.8609127287914947,71075.17906068615,0.06413733567483099,53056.667926760354,0.16591053407938364,0.2535134117430931,0.22288923761497492,0.10658445077752941,0.9916894165649321,0,0.028800983308951644,1.8007390889128707,2
0.95002671393526,72859.52505899123,0.038597802979990076,55620.486488709634,0.24213617176028848,0.23660651858935244,0.19845373426885524,0.2151114303976061,0.9852793290032258,0,0.014109313395767237,1.908380109889802,2
0.6904922456339364,50061.90774002928,0.0017789714562987426,41701.255666010096,0.4874344250295859,0.16700626187551473,0.21685200483882766,0.24844057014088744,0.802159815879923,0,0.22814015976524676,1.2153759891698133,1
0.8788130473534036,64128.86035108819,0.052277776437296586,40472.10737483369,0.15768780034818422,0.36889401818058454,0.15870065870560604,0.18816357571360573,0.9683908125540518,0,0.21901406851143346,1.5153261210209978,2
0.4182392546317879,11019.176704157093,-0.19207896235925911,10472.471745665967,0.5360672889147211,0.04961395693789669,0.2296085696269575,0.06498390043985516,0.6217702457992142,2,0.7060612364499205,0.6095968176354087,0
0.8260768262676175,30654.928606461173,-0.004854446793610363,25483.40918172632,0.567079950642114,0.16870107548203017,0.15463681688136502,0.27430773895561594,0.8499683546364986,0,0.24281383844067952,1.3485890879739466,1
0.8648012284991666,67136.80740287899,0.05918673849571295,48539.78768630144,0.3402136177655455,0.27700184795769806,0.22536492823215806,0.25428980951571384,0.9918836909304404,0,0.08382486652875136,1.713085736237215,2
0.48589490445549455,18315.43191066158,-0.09406178558204822,18769.368827466133,0.46649640248113505,-0.02478439596831515,0.1643590898283149,0.2935884768696176,0.6121805078514169,7,0.6615706887253405,0.6608659022200797,0
0.6113237822106252,20212.432850654528,0.048357802336824116,18110.282355439078,0.6981544188566153,0.10400284373226144,0.2469294362365355,0.21535316138062024,0.9172975780365064,2,0.19348319342683046,1.2808067752156809,1
0.34296826734305386,20773.19979313174,0.013697219517515496,22778.272624137542,0.5147305254941531,-0.09652209823104602,0.24136400867900556,0.07024719922316267,0.7475655069208826,3,0.6973969415317727,0.6424742189530588,0
0.7444027261434375,51207.84679754441,0.041063347984674065,44310.9450315237,0.510636051968453,0.13468447117662125,0.1665783786228724,0.15099637777361632,0.938596652204891,0,0.1805660835380725,1.4255867602976524,1
0.49564261848341584,16317.949947709518,0.04897304581508398,17840.02293079891,0.48458530158241025,-0.09327599287697522,0.21391406559794213,0.059807840873407424,0.5874865668102334,0,0.6180507784689312,0.6694037045725798,0
0.9741087109329122,68377.83709125756,0.06684191935796872,35919.757551406285,0.20057437027936756,0.47468713432003545,0.18436645613239772,0.11946309259023052,0.969590038546233,0,0.20007878725648745,1.6196426185672819,2
0.6727846418698423,54835.00501517451,-0.016155235614511685,46251.341102447914,0.48504049641767605,0.1565362109541384,0.15856966631570593,0.08046140565675015,0.8977037607576808,0,0.09213430836417497,1.4379993290201076,1
0.6803003371732662,52079.95459545545,0.031797611919934105,46384.73440524057,0.5800620572778014,0.10935532172510476,0.20069321033959847,0.20798606176718656,0.9417135358778137,4,0.32629861241047153,1.2229628063194327,1
0.916607176425699,66724.57902862225,0.05747172099892943,42893.36858961708,0.3358075816148407,0.3571578987224858,0.15137877045445508,0.2735641391632378,0.9699176152401627,0,0.13236325771858468,1.6660067154304485,2
0.8912313581085091,69232.78816342243,0.08488769236351981,46254.86017813669,0.2646848530139919,0.3318937254274212,0.17757363066355322,0.19389883364914193,0.9874699397163457,0,0.10982266897840673,1.6927941285919144,2
0.8806370629516785,65894.5999514286,0.07174418923542794,38996.65585247207,0.25471239017039127,0.40819648527774965,0.21453116325358879,0.28959367986403944,0.9501555438811621,0,0.0,1.8497847946605375,2
0.5499193469664293,19122.019326685237,-0.030612821083680533,19909.433144093597,0.5841411776859402,-0.04117838205034686,0.19480694030453463,0.18178824224723839,0.5097588963757992,4,0.9625780439881851,0.5399419638817725,0
0.46406607000865585,19452.87968101367,0.058154156233734614,19067.19350303689,0.4457863923550691,0.01982668809457623,0.19195990921766398,0.18418729577040335,0.7253035736934419,2,0.5991236113293574,0.7437634184597964,0
0.3024601124420165,22298.130186079343,0.030946600889179953,22906.748422507797,0.5764863651506489,-0.0272945861984612,0.19801230176190127,0.1714562897687881,0.6270485116483605,2,0.9433080631754943,0.47831254431759945,0
0.46777740391180295,14884.481967924417,0.023419861484376633,15687.406164214119,0.6670291106181073,-0.05394371117651119,0.1805536146787887,0.041367233226400645,0.5292367841734178,4,0.643733124518378,0.6065547826550924,0
0.8632061511556474,74848.83889001746,0.09083708173726199,44157.17448890173,0.3938445485699388,0.41004863744398123,0.18123461437185917,0.2868993599711821,0.9957876386340783,0,0.1524041832285943,1.613143909788264,2
0.6371835832705953,48356.77957902775,0.06553742858669034,40397.24309899717,0.46285882048675464,0.16460021840417632,0.15080730948178428,0.23301435753852148,0.8949328850030619,2,0.4680820167294172,1.0436177616880666,1
0.8038998592201936,43896.07174246524,0.012176414378828184,41019.26442639058,0.6777225534330279,0.06553678272061915,0.17010319303324214,0.024405711816901498,0.8182359530241115,2,0.3092531391741077,1.2389779819566193,1
0.9009283129710782,71099.93484140755,0.08961466396570286,52873.29686052638,0.20947615431999533,0.2563523865603635,0.15279225972386398,0.29221923726754473,0.9763470612518016,0,0.0951880481305628,1.7141123640157554,2
0.9729120256809993,69539.12959973348,0.021012591342881828,42383.70165617769,0.142363092783236,0.3905057210215624,0.22589622896186373,0.09677593384489011,0.9595297135286318,0,0.06131745440661379,1.8207952118247843,2
0.8866060800763365,70835.85006467486,0.04228791608416837,40988.207942139605,0.20372926534646146,0.4213635058417966,0.1927489650184659,0.21801290577918533,0.986803434601149,0,0.13212545306112788,1.654772012776514,2
0.8817375749343238,80555.28989317446,0.04219231801179417,51406.39333500299,0.25959564864326373,0.36184956440261395,0.2280062742345946,0.19617127115086277,0.9804164172952247,0,0.0785268005236196,1.726571830505725,2
0.9139886417778902,63461.925799059885,0.027604202493291055,32218.353685117872,0.28763259904180344,0.49231994964774367,0.1539550729336255,0.053231035282024775,0.9553897760839862,0,0.06969654104518017,1.747578258068725,2
0.673336809414651,46078.16687300676,0.049251321641686004,38255.30297181648,0.5369997141230018,0.1697737655829582,0.16499413222758344,0.1315660144464938,0.8273121399875383,1,0.33706139719478556,1.122348571689092,1
0.8797049388193342,66981.29453416869,0.04634620466637359,45684.09377308336,0.3528678021840691,0.31795743735918885,0.22607285470555802,0.19834989278033296,0.9743916736373921,0,0.1265317581872255,1.6458449564176267,2
0.7242221870756456,33267.993027685516,0.0550238356913411,29385.819860635373,0.5001998259850045,0.11669393954181166,0.16422572449708153,0.08456454936980672,0.9103329983424957,1,0.2682888719248949,1.2887877687812241,1
0.824780707452097,41136.024841891944,0.016352674467430346,38095.70376940047,0.4470556875689111,0.07390896626927566,0.24492508196347978,0.15290404005849936,0.8493831591510174,3,0.41934823152629636,1.1795300331637444,1
0.6464769588384884,52042.57380815588,0.06221633064435189,42985.18549275303,0.5276305878131525,0.17403805485852858,0.15735814871387746,0.10504990705730928,0.9295953884973863,2,0.2936166511273705,1.2183457486901916,1
0.75598605419899,44658.50308419586,0.04618636849756359,41137.186571575774,0.6097388247890305,0.07884985544592153,0.23429280125432878,0.0059626787585335345,0.822257804524946,0,0.21347893996462664,1.3005943545834775,1
0.6583999426853062,38843.67823641286,0.0330815322432782,31432.73910880343,0.647864113585184,0.19078880950728971,0.1708342364343048,0.11637378911613855,0.8411318807556016,0,0.3560839198088199,1.1057809930024913,1
0.7602090733236869,47512.07902817471,0.0571484963256694,38902.14437412874,0.678076207694767,0.18121569988423947,0.20223639478419028,0.1929654092190174,0.8990704193553175,2,0.2904850183401169,1.28577974102578,1
0.9816803510365769,62044.528499405904,0.057934113830278335,39822.99825864268,0.12632058962590942,0.3581545509041301,0.19593204620198018,0.2842404511132082,0.9509551042248425,0,0.01160171970939912,1.910470709575903,2
0.8252588125796194,38450.73375764968,-0.021911650694409198,32483.092735404276,0.6358324893274713,0.15520226635618256,0.18238697679038118,0.2003345697090622,0.8884041577994112,0,0.2152328050784965,1.4101519998617376,1
0.903639216579792,81959.13859821008,0.025390478836454983,45851.57107618986,0.11793980257782966,0.44055572251718106,0.23970979312064056,0.16029432593561874,0.960557818877034,0,0.022443996306220168,1.8232754480358864,2
0.8701942311104477,72071.33449895696,0.04304824754110359,56501.91990848869,0.14332692587934956,0.2160278382342649,0.21334889518377087,0.12145968726527982,0.9559930026706828,0,0.20214724305675155,1.5191044560711262,2
0.9197115676449198,67039.36262379323,0.07079264658602233,50675.07337059374,0.3050650951172822,0.24409971414900614,0.23004000212838288,0.05515999243438232,0.9936726566783171,0,0.15327897222427836,1.6590818617224736,2
0.6880699733285508,31707.898953931282,-0.013716483163966137,29523.780053111914,0.4179048995378738,0.06888248584343917,0.19325603005193434,0.28745524679267054,0.8811558720752907,0,0.4023680849162606,1.1189828564142947,1
0.5672554162077548,19539.849832053285,-0.09303306827799775,19513.16566940496,0.42737440806970073,0.0013656278260927301,0.1911215809482479,0.10536762131224649,0.5405491429302246,1,0.5569898085174712,0.7115040529345562,0
0.46125532108364764,19371.91210286954,-0.08828364674992727,19132.556664298383,0.5187351841574248,0.012355798297045875,0.19793555676002436,0.05912910439772617,0.5337706209279516,3,1.0197018239159712,0.49265982246941653,0
0.725206760577818,43645.28752768625,0.02393458116132415,37574.841727496074,0.512032078404501,0.1390859390338397,0.24076181048784875,0.010463349814252365,0.8117791537387675,2,0.23465776212517647,1.244867979990683,1
0.6097756088355608,36394.662777403006,-0.009768091393839842,29392.51552526179,0.4716299250286126,0.19239489303604035,0.15240776683264948,0.013148953633332239,0.9447310918519258,1,0.3717530516400679,1.1332263477226594,1
0.6074044645544435,34936.02374162966,0.020972783534672895,30604.595570168625,0.43742292344112593,0.12398171593579838,0.22646482407910262,0.07732131714450587,0.9181766395395524,1,0.3943600052794599,1.0941084786695647,1
0.5022562232425964,18836.13311653414,-0.06567999128015314,18893.89356921626,0.4544567900361874,-0.003066470826298087,0.2110170917641985,0.24511387632095094,0.6850026808790061,1,0.41738805238793847,0.837638571964377,0
0.6895863771682147,45900.8541158157,-0.008450139445225036,43161.44452195751,0.4029363666118616,0.05968101567230531,0.21143609437085115,0.03672818956669065,0.8932625295396017,2,0.49801963416895895,1.05662761061601,1
0.6946417125472841,54210.738495005986,0.01650219733682817,49374.86610494237,0.5906085302285145,0.08920506387326035,0.23537630041248533,0.06722011407456371,0.8541745103406649,1,0.07526968903757586,1.440397919404036,1
0.9261815823783434,74230.2467423359,0.06115726059775229,51241.52281025451,0.1061839476507594,0.3096948338576678,0.20076488296842998,0.19627633822968849,0.9821099854002874,0,0.19732819602548307,1.5937915553255841,2
0.9638811546569568,58873.11021547143,0.07525251704698097,45096.08273525858,0.2718690585050244,0.23401222442282912,0.23817116471665709,0.15616961884240943,0.9995282437445847,0,0.018649903860922634,1.9274624097639024,2
0.76536801390124,30033.40349500873,0.005269515903524095,27242.51145697719,0.6561481623498269,0.09292626586578381,0.22382520435769232,0.10039225333906916,0.9058455941552359,0,0.14149405650659602,1.4640580899483806,1
0.5720426894510107,14185.91498669501,-0.05251165431146429,15445.271075363498,0.58669105397044,-0.08877510473237996,0.20800486593363732,0.2830980077410421,0.514926137424093,4,0.6509068602073895,0.658407117369757,0
0.8848551586359472,70855.62312531563,0.04821998926783059,40950.87615563043,0.12914792303715703,0.4220518520710136,0.2244648240955575,0.26966224818792167,0.9641598002903775,0,0.07540202022625787,1.7193709181774677,2
0.6650547330812142,35536.86192077075,-0.004972044302801761,30408.32529698282,0.5934170468886097,0.14431596788770984,0.16302279463585362,0.2582131569890965,0.8063507670517727,0,0.14805881091256934,1.2816464506407956,1
0.7662089765921837,42624.50296588784,0.02951606711467538,34468.05152914378,0.6798625239220373,0.1913559307253772,0.17386259487126055,0.09307580587514722,0.8827478485728854,1,0.31588039313035504,1.2531205980221019,1
0.3948271342259906,28948.1534831986,-0.08953903017166334,28343.143786059194,0.5540133949851944,0.02089976818350607,0.1565104692504913,0.15295863853340022,0.5297120995526458,1,0.14580694417447282,0.8068891871175954,0
0.8398094761708502,40213.58727228686,0.01775202141130371,35095.82359073506,0.5047696872727411,0.12726453989044384,0.15714403006088237,0.22314743111553967,0.8428262249624587,1,0.34036092126290773,1.2553601604170204,1
0.7402536132574831,39943.199022274115,-0.01811678520815028,34517.88279574305,0.5623300155182254,0.1358257815931485,0.2037991420533321,0.26225231071310995,0.8429766928849555,1,0.42178635150022226,1.1135500804828136,1
0.8575775334339764,63646.4836017721,0.053989819972481826,50506.04459387521,0.13396557325057804,0.20645978008957944,0.20819151551265777,0.09555421126208359,0.9573515470260241,1,0.08488838140916585,1.6729177964857378,2
0.41494594679342106,22782.272513785712,0.015513926958803857,23556.28555805672,0.40447263666490557,-0.03397435632475404,0.1925066330151061,0.17719357529629756,0.6268121067591004,3,0.8323043915038408,0.5685507595697632,0
0.6694761868630154,46821.43165065685,-0.0012710233458610616,40254.46166243779,0.5404768373722169,0.1402556426983355,0.16689844095595593,0.012429373838530988,0.8250720312489664,2,0.18496695665283183,1.2612572947465321,1
0.4014978810864899,21680.614514727862,0.0018936072474677774,23358.470279544952,0.6378431684905481,-0.07738967747788252,0.15020570207285622,0.1031739267551366,0.6900553870861474,0,0.4232553403626317,0.7669412769563333,0
0.7236458245114175,43142.225541856256,0.027231962037052485,36293.78913711294,0.6036563331502187,0.15874091609156832,0.15530517659116805,0.01800678033738253,0.8370796433809847,1,0.33696721546587416,1.1673625574644764,1
0.9676256030225184,62700.92539632969,0.04522750405563499,33993.35841372266,0.2738782595293806,0.4578491752896439,0.18197571219487635,0.05939851849704487,0.9802220458170947,0,0.15788869650905935,1.6822408360252725,2
0.4256019117814547,15231.181670641014,-0.13224446469792137,15576.249295932828,0.5424673917468252,-0.022655341703195123,0.23486706988741404,0.2971295094851873,0.550728187085483,3,0.3470211583093267,0.7248068026580585,0
0.9446714933934153,68790.20894226091,0.05905883186275637,38657.812710469836,0.18586112213667694,0.4380332127946102,0.23522479719830128,0.17905101359878253,0.9507244343079644,0,0.17646653268458512,1.6110920923319985,2
0.7448457709478518,47282.91161342356,-0.016109728777357685,39727.76813462961,0.4912958042576317,0.1597859188656447,0.21434210652975877,0.12976837225392324,0.8316686291323618,2,0.34069295889288453,1.1758951888447788,1
0.7996884057041818,50612.97311599953,0.07697555962510609,42308.97798306526,0.523889977829392,0.16406851093102942,0.2395351867212262,0.10785530763676214,0.8468195730107771,0,0.29489455872399417,1.2715382635768038,1
0.8931098909979187,64103.70999852276,0.05988932976704747,40809.0310126872,0.13750764967596807,0.36339049621889863,0.24784531482143263,0.13637263766809413,0.9573718218161266,0,0.06938177816360573,1.7304219602392912,2
0.9733257011138222,63080.85598037699,0.06764515019216152,35918.59575822206,0.3870606279543667,0.43059435069499513,0.24014895298426958,0.03448566674209983,0.985684652357284,0,0.042127752381702216,1.8798178524599694,2
0.6923881051682053,32940.149079622555,0.08220992526301264,30808.298601765506,0.6869986242234308,0.06471890800202412,0.20886979536143918,0.019511537916357978,0.8577335202453773,2,0.26829985309383475,1.2222043719647875,1
0.9239335853752297,68148.92984696044,0.054277244656578995,34222.66281466999,0.36240443594618876,0.49782538197558535,0.18003446282516114,0.0916353820063779,0.9693701360297131,0,0.05519576510599755,1.7942677406545078,2
0.9080819494003493,67405.55065090643,0.03837488100048929,36746.78250515831,0.178126470560391,0.45484040779564244,0.17043983436620797,0.10670356920929476,0.9995877824752272,0,0.15219680852113582,1.655680451262578,2
0.8611549862724531,72117.76698017736,0.022464223500856858,39158.30717166229,0.32477743460377867,0.4570227447221774,0.20206900875440512,0.1531008136325058,0.9930073155900496,0,0.18862182716479514,1.5599261762550776,2
0.9446955665992316,65047.17825343806,0.06230878502582439,45590.84248343366,0.22179542974807648,0.29911114198064453,0.23367341825526608,0.02193907192363822,0.9634859202047954,0,0.1655968288350801,1.6370853451198049,2
0.7430526484011686,22920.624873911907,0.009455367043889065,19795.545221857803,0.6614211374278488,0.13634356258807967,0.23963433041346932,0.19518579132065877,0.857557596580805,0,0.4335701394954714,1.116520357731007,1
0.5318573141124295,22640.026440985264,-0.0794565400779388,21621.18759766317,0.6726442129678942,0.04500166313753445,0.19110244006653926,0.25498886348755306,0.5847964892682392,1,1.0722009874000717,0.5388733091869148,0
0.8873854816793225,72164.82958757429,0.01599396835598721,50951.94137702921,0.29192316384500383,0.29395050652482424,0.1927710117468788,0.01403755523038237,0.9529611698586248,1,0.0966004887847583,1.6782289177870067,2
0.7258831564741757,34741.96781154657,0.02467329367602501,29668.500976993884,0.6903316485789545,0.14603279992869347,0.24205229776060852,0.10789154452679453,0.8168042232969999,3,0.4370511559284474,1.073509021169451,1
0.794957376545761,26240.464651180704,0.04270723165979582,21302.070485449658,0.45964620725522626,0.18819766461371862,0.20070797990727135,0.2529932682783723,0.8391389698576408,0,0.24681080646625933,1.3106209361745882,1
0.9292078206153268,68232.70114856858,0.052400014862299234,43064.485245415,0.3728284596967021,0.36885856018440166,0.20105189477299,0.21564878603155885,0.9791593727785279,0,0.07318978597299182,1.7782196759016504,2
0.9871023238054827,68999.5917019562,0.06774791663845778,41897.461048625155,0.3526525343633369,0.39278682648440477,0.17961627302607508,0.2691511498790581,0.9837162862215525,0,0.05200431574802236,1.8733940351049743,2
0.9430572924648448,79435.83030835624,0.05045831976876262,53972.04166387014,0.2981105168912162,0.3205579717067229,0.24977444210068506,0.044089752302562346,0.9919017800924087,0,0.041151839747033785,1.8584792329881354,2
0.9605093723100109,74687.05389770084,0.052830824416804575,56638.05584678533,0.12246161124064704,0.2416616683747801,0.16373025416788609,0.18035127858204755,0.9919433182882198,0,0.13214902286674957,1.7245544987128683,2
0.4554943919826224,19442.979322988638,-0.01664061622530004,19742.428084165786,0.6983277066682533,-0.015401382483758025,0.18423162009713517,0.10331244492160319,0.5146764643924998,3,0.5800760100439052,0.6140026493713833,0
0.6335694917154958,35121.43026618161,-0.00824748899402274,29812.813066818566,0.6023090745594266,0.15115037056092523,0.23162703974314897,0.20574462993653028,0.8970015033491008,1,0.2923035463559565,1.1843742125296395,1
0.9424171353745786,64235.6689922644,0.05320221781279195,35627.79213568929,0.3324226349538645,0.4453581212024152,0.18984925870644045,0.29751488757266403,0.9606876553649741,1,0.08039800656514387,1.761484914980545,2
0.8841327141349435,73781.55645344705,0.06389091103916367,53174.1391023428,0.30623221823885227,0.27930309879145243,0.23745020922826776,0.19947757519392278,0.9525716222018736,0,0.09653331459253492,1.6750100629813744,2
0.4686063546912561,24986.580405919332,0.10097328411202723,26788.382909714495,0.6874103559068829,-0.07211080806272771,0.18307878202070063,0.22826221562318233,0.5329001116930259,1,0.7671541447688286,0.5667340731701108,0
0.9297036429392327,69790.8190514288,0.05021418818878836,51224.57825354726,0.2861808032781974,0.2660269796260751,0.23410569360307545,0.2190985265178213,0.9807652714564379,0,0.06701809727400419,1.7904747063583055,2
0.7157141945538684,37848.73859027993,0.055986135159437275,31675.703511512915,0.622724279584778,0.16309751153377497,0.20040004504673375,0.003375156704385762,0.8711013532621493,3,0.3557786723886163,1.1704089908866613,1
0.6653576959672687,46766.7507574775,0.007549585946102895,42160.45350345298,0.6045635878078166,0.09849513125065718,0.16843668841715423,0.11468912771280049,0.9278054925922642,2,0.16196516462660618,1.371093761723477,1
0.9065661382507162,72413.39204047968,0.014403536493531321,43183.45691890643,0.31013748292893106,0.40365372064373783,0.19117495290112663,0.09489535110320035,0.9639969655281899,0,0.08319316303752927,1.7268970739562328,2
0.8347644146975828,41714.81766621597,0.0013357713628359552,37984.67318111572,0.49071400564402107,0.08942013159322088,0.2364236169931181,0.23012486616878713,0.8597386430144984,0,0.1632128223054569,1.456743792037661,1
0.5042998542480157,22778.35251428756,-0.03127639136608644,24143.44034677984,0.5101241120778285,-0.05992917317598095,0.18933168111187051,0.035365819886401535,0.5222947741507753,2,0.0,1.0420397400959323,0
0.8838732031802183,68040.6173644372,0.045751851523635895,49091.701722914826,0.21581432996719316,0.27849417561908263,0.18267523893783746,0.03795665145108207,0.9533817438100622,0,0.07387488290585911,1.710864995760724,2
0.6566259138612239,28692.14184164416,0.08165578227772141,26808.315102558943,0.5663484268464966,0.06565653932293765,0.2477629098302743,0.23572278393675677,0.9058399644679632,0,0.3676580420138741,1.1424389944934326,1
0.7935483440318725,33001.26978213425,0.018805382716547008,29590.94136302467,0.48895370549101524,0.10333930911215469,0.16707269317424706,0.14255279187804473,0.8012593238126213,0,0.32054126972186603,1.2076924094772092,1
0.969547210226083,73434.91843368202,0.05414651668387283,46745.06165802701,0.17288560005184803,0.36344912399893553,0.17808125471832376,0.17983613199602397,0.9732712206870938,0,0.08652695456002492,1.7880996166357384,2
0.9852901637569308,68490.77052923622,0.06680684360453543,42907.95512260745,0.22538804472014495,0.3735220849312595,0.16756556934911623,0.10503542383833749,0.9824474674397243,0,0.06343935052318161,1.850352472126017,2
0.3738393335154676,16230.113523064414,-0.10270730152866488,17412.645725908158,0.5582829702092834,-0.07286037778868658,0.18236371752402392,0.23715352952738858,0.7003105271247929,4,0.41185909554384437,0.7608052843449657,0
0.8228179597095236,44192.28013875885,0.013701416490766411,37060.21251446769,0.685532398177199,0.1613871835057447,0.2425738987733331,0.19815806699598487,0.8263375569273871,2,0.3391081509416717,1.2315327298076795,1
0.30264811453845086,23970.457695832298,-0.022108805324832025,23185.028654233734,0.41929758504473447,0.03276654336621723,0.18215299025140413,0.10542379233899005,0.5562163400288341,6,0.5615094236478161,0.550021947713198,0
0.8023899558691893,45912.949222185605,-0.017477065587178976,38552.11478042615,0.4244578275616164,0.16032153382563846,0.1509577296130122,0.16977829336359918,0.9034080574343853,0,0.3566816932062061,1.257331046660114,1
0.7573449174042262,39391.541368585065,0.05491613136632935,32390.949033222154,0.47645471634256126,0.17771816212670255,0.2497137015363342,0.1065785439415585,0.8151962550234372,0,0.283681064523908,1.2250248257816967,1
0.6966121646209058,37943.19505751531,-0.01993659965521394,35351.07037591027,0.5163616801679404,0.06831593063461916,0.23566720919544176,0.221671773442221,0.9020296851284796,0,0.3668724505272478,1.1695618337561315,1
0.8731886349915585,78012.12572813203,0.08033810706671762,60290.06883995597,0.14747786794309592,0.2271705420505583,0.16233042055880437,0.08079494853173187,0.9732902827167967,0,0.1670838780524994,1.5821304298963972,2
0.9928413175519875,69100.22225409813,0.03785181504647729,39777.73204331547,0.23778773606025796,0.4243472633554899,0.2464498524863941,0.06569353529527146,0.9509727931407272,0,0.02557276804840243,1.8953448953131482,2
0.938178462399841,74415.23161231495,0.06855947074840088,50446.732243211176,0.3849722827992863,0.3220913091284021,0.22188173469272648,0.11230556723285551,0.9843460953828741,0,0.1271520272086278,1.7056479617428482,2
0.9730086684961996,69243.2713267536,0.06955930025999843,54857.28065389951,0.22880944611675313,0.20776012451762607,0.21780795101909312,0.2302705686918569,0.955137295526971,1,0.03674572009508832,1.8598060514263082,2
0.4426676214375409,23343.658654276416,-0.06204064007798912,24556.298898187222,0.5536503652502804,-0.05194730876895586,0.18275005035089004,0.10068869774223467,0.5525332307881573,3,0.46004345115908074,0.6816241334705764,0
0.4906826989635509,19645.830462373724,-0.012067627439386061,21129.784141970213,0.6183928967237163,-0.07553529907725698,0.23166215242927363,0.015951986002946273,0.7299660111019193,4,0.7605002307386739,0.6933533371667371,0
0.7447424160040614,42206.387272648266,0.00740690862899562,39692.06674252916,0.59000943767824,0.059572038560819995,0.2476359099631306,0.035346855785980326,0.9040170861347467,0,0.4364301169493786,1.147817413937522,1
0.8714061503820878,66615.94632226843,0.04272258403073374,45920.96189386283,0.17815695923372504,0.3106611190102941,0.1901159907247521,0.09978154476961255,0.991810956887766,0,0.0009573076252346324,1.8614351412152885,2
0.5412423067243938,20379.464103874267,0.01888973758607049,21075.167317816125,0.47975366014292564,-0.034137463595502474,0.2167378639540825,0.27731201417299484,0.6513004932489992,4,0.6248084847161137,0.7339589934390044,0
0.9877653981500678,75469.53475816232,0.06697321904344446,44082.66297302689,0.1561751085117098,0.41588797235484243,0.16162038629973172,0.015071069777328293,0.9524036556267029,0,0.11798460521585234,1.7354166101439088,2
0.5262309743852269,17909.421627002397,-0.07714835993227255,19245.741456118834,0.4587067520741258,-0.07461546536498097,0.18930778832666986,0.0302476008161194,0.513214500848765,2,0.106089234365839,0.9397482978215076,0
0.6433008756955532,41423.250076049604,0.023629863030905012,37183.876121618625,0.6468645356622362,0.10234286171770313,0.16828020802892807,0.03732276175650847,0.8494503508247551,3,0.27936009425594577,1.1667952074028596,1
0.6112390833723718,38686.75653204947,0.01603715069131256,31427.4697774623,0.5256623217047665,0.18764268202668594,0.2219240187335744,0.09010794651699026,0.8408920342278995,4,0.33756212317030415,1.0856550828147067,1
0.7884523272281647,42716.06214698235,-0.00035638185424897995,40106.80181956596,0.6516796220687998,0.0610838217820301,0.16935172554061975,0.24253437604773567,0.8785247576432813,0,0.2628687985347036,1.3199922959579222,1
0.5381881037723766,12059.57942477813,0.011040209000978893,12855.096202321916,0.44641206455877896,-0.06596554900656659,0.20733456214756035,0.28853360659333704,0.6394773941347544,0,0.5986670999219477,0.7366546155635707,0
0.97907832092374,70214.92446546178,0.04343296156188146,38259.126880775504,0.20637131417783766,0.45511403491440205,0.1914229015605856,0.10026193254937966,0.9910924965198095,1,0.1335800107611717,1.7380077266188092,2
0.653104610506135,48579.248691974615,0.02839687006945607,42779.48097629413,0.5195933083713169,0.11938776065589135,0.15598084753523295,0.10667050648831745,0.8143768080027248,1,0.5029252061158681,0.976416798745023,1
0.5315341056854888,15617.080057826446,-0.07814433550613664,15737.528649600663,0.6712660765381169,-0.007712619217435351,0.21215672344817077,0.26101462982450807,0.6088358068960991,8,0.6994586364266436,0.6710195165322644,0
0.6098441326094588,47555.99882899328,0.0627089354545554,43935.54613135198,0.5557503066653686,0.07613030504647997,0.15391893930371356,0.02960162942562403,0.8992680400197385,1,0.34284546815603273,1.1238167074439909,1
0.8650699868956542,60297.8488724582,0.08162751938342867,43494.02193900094,0.12096881722326105,0.2786803716497525,0.19852142374716006,0.09713267377958083,0.9622932056401224,0,0.12374599368969025,1.6261354459078787,2
0.5549817932267238,23546.07341943406,-0.08063575378994255,25736.704296453543,0.40590817665364615,-0.09303593163909099,0.156643716250603,0.2871856826898077,0.7162470468699802,4,0.6798178689864574,0.7567658753765482,0
0.901911593436977,74504.32220274497,0.06172857003318032,40200.84186285362,0.29177876862637714,0.46042268858634766,0.1988105591868824,0.02962401560855131,0.9979838617034628,0,0.08433156843574632,1.7521351498427955,2
0.7693853290056027,48710.34906504431,0.07974406819647412,41823.79831187952,0.5299031936771199,0.14137756935325982,0.1783215627040758,0.08620721122885645,0.886091926958263,1,0.3188509284433645,1.2552421356049848,1
0.8850484069386574,66563.38787371272,0.050650802025744936,46383.301659543155,0.1317491236235704,0.3031709601749269,0.2404035739738738,0.1224593496274296,0.9935837387791784,0,0.019106357712275313,1.8434112705714576,2
0.5941173613779227,25013.622750408125,-0.09975578611837628,26553.016199636295,0.5330559641427485,-0.06154220300628202,0.23186470356007954,0.07443242570844064,0.5228458680132807,0,0.5090983401395459,0.7401527121737594,0
0.6771631191837283,47190.11734991731,0.05334326739141976,38846.88441646395,0.6749037560784898,0.17680042775880012,0.23967836940126094,0.29526510436943204,0.8739143410015257,1,0.25742218376855197,1.2335375343360044,1
0.9103670690754567,68336.19916645497,0.036046177119075914,45355.44357692911,0.3364537097500173,0.33628963667629186,0.1872651549368083,0.10745046248422847,0.9914999696797412,0,0.16233216531431746,1.6362508889538436,2
0.8497040863138104,31574.038718929027,0.034825288682712605,28177.590279564705,0.5856676693415425,0.10757092146492193,0.15357354558802247,0.15789970529385536,0.837165580447338,0,0.42107577396175905,1.1870371008144018,1
0.8885487345636713,68377.15667702265,0.0551623523194084,35683.833711666826,0.3944941709710825,0.4781322382236761,0.16559640192182956,0.08902434993195582,0.9855333653293938,1,0.004634729397543516,1.8654363073999138,2
0.40871029785511087,23650.760570311082,-0.060165618916125777,24857.33551186645,0.6125597580679489,-0.05101632727490341,0.19590165557812686,0.16694469182701896,0.5755974590449642,1,1.0043912307190297,0.4910756651768912,0
0.9183100985745872,70723.47106596542,0.05671111709279196,36989.57399203297,0.25899683134150264,0.47698305195552493,0.21873377015489487,0.06734846165598923,0.9755287670778,0,0.14807428253545843,1.649578685335542,2
0.9488264349948252,59040.07350737793,0.049812568829584715,33441.690831873566,0.13197718437394879,0.4335764025142257,0.2321504215407343,0.06366036566412546,0.9838295994733495,0,0.1126784114068923,1.7369403546029858,2
0.7783213932256106,36904.90959089434,0.02233353025931343,34469.4535956899,0.5411791350808024,0.06599273706946975,0.22185363289957757,0.06414552340797215,0.8296518626353523,4,0.1930023045376108,1.347837510242018,1
0.7973743442068679,48818.2122126828,-0.008128233389419294,43232.438523138044,0.6471449431501737,0.1144198739849305,0.1709207482418876,0.2772270389790809,0.819094312100564,0,0.1637399720250537,1.3890290745058569,1
0.7668375947428206,41014.056349912506,0.03556203307629451,34714.21611432147,0.5729898393651293,0.15360197932737452,0.17894175234204002,0.06228340967053285,0.8929187150986562,3,0.39320288940468884,1.191324194389724,1
0.791133007464369,28844.213149813462,-0.0073943671921952205,23354.627980632213,0.43218728394758416,0.19031842334089644,0.21153629700913684,0.24668276745702972,0.8079208519874659,4,0.33538972266697814,1.197443586924032,1
0.937306536772086,68329.33380578319,0.045478322734458516,52454.880426042706,0.3340618774218864,0.23232267161950465,0.1547979661211655,0.08551740114697892,0.9892418816295597,0,0.10762846243704671,1.739345352468444,2
0.7559167270641562,42510.826651468305,0.00021820849945425325,35518.77981743528,0.42269578059420554,0.16447684942375784,0.20986702575069638,0.19251044128081926,0.8015598783182285,2,0.19161801631887454,1.30702673512248,1
0.8041014818757838,25824.322366127693,0.020223915173751005,23183.336058393885,0.6186126113804947,0.10226740010021869,0.22510121727551102,0.06777431516287752,0.8779379079450685,3,0.24743396827561462,1.3483995406554568,1
0.8650149269270879,64043.529470574926,0.05973873114799855,43848.1519677915,0.1396261135666555,0.31533829677613684,0.1973223736106158,0.23740880355445151,0.9959086271622037,0,0.0034545899739922697,1.8545169583982108,2
0.8421396728818353,29791.418544235432,0.02816080689886481,25249.93843620165,0.5417623162117353,0.15244255997042971,0.20604225186158684,0.21402241911327574,0.9135187014117943,0,0.30061160670084436,1.3498713722439133,1
0.5030244375188577,21446.109704583097,-0.05251576974365374,23537.525814680783,0.5326897823888679,-0.09751960327101865,0.18771801877742067,0.09991117921642202,0.5367305911545457,4,0.6985567947847054,0.6121402780677663,0
0.8412362038730957,47694.90264520872,0.020736887992882137,40899.23736566684,0.5040973402756115,0.14248200337242012,0.204288243229793,0.2839521967411355,0.8413775187723831,1,0.15143445005079018,1.461319593634929,1
0.3430110935085963,16747.55402708782,-0.0365068017643677,18417.380578646873,0.512885852531494,-0.0997056972533567,0.21116349540090712,0.050326186759660864,0.5230634639846375,3,0.9663856179866744,0.44043983518348884,0
0.7928405207636564,27070.875505258773,0.01285491372872085,23682.33431019246,0.5915319165339484,0.12517294442169258,0.1712228266285485,0.27942118451285886,0.9444168031527749,0,0.35268493557073033,1.2843030022977528,1
0.7606430031061605,28908.96742227373,0.05350048498226741,23658.671307013505,0.673496601749138,0.18161479234346461,0.15922184756788546,0.28286663881692126,0.8493976895375478,0,0.2586597101709889,1.2791707557120298,1
0.9187772808801409,70086.43381883106,0.06686368438490023,40142.25366270675,0.14741457478047942,0.42724645162469094,0.19189709503827787,0.1257215874358016,0.9503535508169002,0,0.11075385106580146,1.6827588127680624,2
0.33109224254971675,23539.566695267524,-0.10803596566243233,24329.158473192983,0.5774565303686067,-0.03354317384628,0.22434360917776291,0.2282647302093535,0.7421278876088017,1,0.4811752780068871,0.72457334799881,0
0.778984506221011,38682.1581699283,-0.00022079641809798559,33648.816683564524,0.6821189297722515,0.13012049287044994,0.22665980946514713,0.2903582824819732,0.9174453607485884,0,0.30845906337475354,1.2965096994278131,1
0.8323288148868668,53038.9532380086,0.03680064546019089,46557.90924078235,0.4701206595425639,0.12219404044689608,0.17657315771775672,0.24554956776510314,0.9132063467965349,1,0.40308799976787724,1.2440667741240592,1
0.8026854259822972,61552.70028270353,0.04602980423166844,50840.171552749576,0.6371404782880219,0.17403832294526,0.18666173031084857,0.019431408144851014,0.8468890401016615,0,0.2844530094996371,1.2842622142530196,1
0.9455379258073765,69817.50361276917,0.04599092173294131,38375.38364356154,0.1672861109478878,0.450347238761156,0.23159766656096542,0.2943659816171571,0.9832474283227319,1,0.049616346760611975,1.8376098658170101,2
0.7650400646861901,28057.990592751798,0.01604057303807953,26569.177002020864,0.5566313359035704,0.05306201760276941,0.2012013245768795,0.18118368903889515,0.8287696798734064,1,0.40317987545994005,1.1358556179671342,1
0.8991151104577059,70812.21952602037,0.07819489614396327,38092.706938019124,0.28679180581078345,0.4620602603195946,0.2050702677981096,0.2695812189767718,0.9722150767987534,0,0.1478631538089582,1.630272895376786,2
0.8202191591212258,52914.38286551851,-0.0373982355278977,48536.09425042218,0.4880850341971821,0.08274288346561123,0.18158193796513056,0.06218499175472211,0.8340076018699775,1,0.41950848896339826,1.1653517917312415,1
0.9117258002982902,76827.28947249499,0.06849761785724504,56781.71125935044,0.1528944322560746,0.26091742075999025,0.17521525920588157,0.07344345802976728,0.9849023021149667,1,0.12507346371016295,1.685781563240086,2
0.8966272406390741,67898.21260787983,0.050249614109718795,46531.882306646796,0.22770557173553016,0.31468177851199275,0.18682435451451163,0.2354847656639573,0.9623192563946298,0,0.10336903012105349,1.6847912586686924,2
0.6179952329126817,42743.874730872856,0.03681362758849422,34453.03439825889,0.6245604928619715,0.19396557716901824,0.18355574000420014,0.11648406925627833,0.8626876828982069,0,0.31824993111127,1.1232186559362756,1
0.8738113193466083,78391.18280191641,0.05378199113533703,56292.44690191633,0.35479561956401406,0.28190333542792056,0.24531328593075122,0.23015130315495563,0.9969366454021688,0,0.1080490280188661,1.68832598327673,2
0.8799475017259109,67159.27547372293,0.025708867153546183,34029.71532991832,0.23276043343884129,0.4932983554411191,0.2484281330259689,0.017886671154066357,0.9959717938014421,0,0.11059854678249917,1.6891065641694334,2
0.9440813362665377,70668.72466827337,0.021199789273599393,40003.99396039495,0.22759163124327494,0.43392223153625564,0.22740613190499226,0.24616292343299284,0.9623363401584273,0,0.02789533461646397,1.854680736668877,2
0.8866909297213599,71883.47424338193,0.04181063882843889,43229.422969781604,0.12367360937263987,0.3986180631251058,0.222982831289523,0.1493923765093935,0.95475014960617,0,0.10209007250427564,1.6708625957796983,2
0.9694415516437676,76155.11025345279,0.060795814667421996,53901.96451591586,0.2568760506922716,0.29220817438876995,0.1726989932347761,0.18755046969897254,0.9631637912841617,0,0.14391093033175917,1.689471873800027,2
0.8362589337709044,35893.80690564258,0.010082439846250043,33657.11272072734,0.552190069769275,0.06231420898861612,0.24131845626581133,0.2306004301174912,0.8164017810970254,1,0.28908614151542444,1.2820405569833324,1
0.8459525639654277,33164.267949863744,-0.021787979127658525,26752.633410841096,0.46788374575354924,0.19332959644143122,0.19917176441502032,0.05126611072703746,0.8006169742383646,1,0.29516009493714207,1.2713251007657902,1
0.768230907664928,35236.07674554517,-0.0393419242560652,31527.379117588483,0.612329009139053,0.10525285362325625,0.23829470999053262,0.08339607486035452,0.8484664238604889,0,0.5175954161835487,1.0653019337598488,1
0.8770586352744227,66558.29855375698,0.06104754386018689,52422.87685890934,0.1534656297665813,0.212376548108887,0.23189771320624353,0.1506056619145446,0.9809621610191389,0,0.12833175685075454,1.6466972457457152,2
